lan,n_pharmacies,total_population,mean_person_km_impact,total_person_km_impact,max_single_pharmacy_impact,most_critical_pharmacy
Jämtlands,26,134758,60932.78770961608,1584252.480450018,255966.46104010186,Apotek Hjärtat Sveg
Norrbottens,37,247554,48745.46778335943,1803582.3079842988,311006.06938193535,Apoteket Lappugglan
Västerbottens,47,282148,46308.129962334504,2176482.1082297214,193939.889405465,Kronans Apotek Vilhelmina
Gotlands,9,60857,42644.21930597842,383797.97375380574,139459.2396297602,Kronans Apotek Slite
Kalmar,36,249830,37908.85426989478,1364718.753716212,229429.06321572445,Apotek Hjärtat Vimmerby
Dalarnas,41,285199,37756.46532875033,1548015.0784787636,189428.52955102542,Kronans Apotek Malung
Värmlands,43,278685,33555.75618570094,1442897.5159851406,203927.28211551817,Kronans Apotek Torsby
Kronobergs,31,208557,28254.927261276072,875902.7450995583,101486.05080033152,Apoteket Svanen
Gävleborgs,43,284026,25580.060683480424,1099942.609389658,108753.3724172515,Kronans Apotek Delsbo
Östergötlands,59,474125,25021.887242309735,1476291.3472962743,224805.57559552861,"Apoteksgruppen Åtvidaberg, Tilasvägen"
Örebro,40,307215,23559.121316987446,942364.8526794978,139950.64124503516,"Apoteksgruppen Askersund, Sundsbrogatan"
Västernorrlands,39,239928,22362.986970271944,872156.4918406059,112162.35731964574,Kronans Apotek Kvissleby
Jönköpings,48,364431,22270.929074888125,1069004.59559463,115645.42105297261,Kronans Apotek Gränna Vårdcentral
Hallands,45,346246,19002.55986902469,855115.1941061111,77098.57759831936,Apoteket Onsala
Västra Götalands,203,1764534,18934.195428993247,3843641.6720856293,156313.7168680304,Apotek Hjärtat Åmål
Södermanlands,39,303236,16517.954843934887,644200.2389134606,122519.07206177115,"Apoteksgruppen Vingåker, Bondegatan"
Västmanlands,38,280665,15637.50561961513,594225.2135453749,180688.29031362306,Apotek Hjärtat Arboga
Uppsala,50,403177,15598.159661581427,779907.9830790713,120456.59477873608,Apotek Hjärtat Vårdcentralen Östervåla
Skåne,169,1423457,11990.445839264357,2026385.3468356763,135515.5482050653,Apoteket Ljungen
Blekinge,22,157096,10836.732820209802,238408.12204461565,59932.69242001604,"Apoteksgruppen Jämjö, Hammarbyvägen"
Stockholms,236,2465094,7101.869073683638,1676041.1013893385,172407.33462569866,Apoteket Örnen
